-- phpMyAdmin SQL Dump
-- version 5.0.4
-- https://www.phpmyadmin.net/
--
-- Servidor: localhost
-- Tiempo de generación: 11-12-2020 a las 17:25:12
-- Versión del servidor: 5.7.24
-- Versión de PHP: 7.2.19

SET SQL_MODE = "NO_AUTO_VALUE_ON_ZERO";
START TRANSACTION;
SET time_zone = "+00:00";


/*!40101 SET @OLD_CHARACTER_SET_CLIENT=@@CHARACTER_SET_CLIENT */;
/*!40101 SET @OLD_CHARACTER_SET_RESULTS=@@CHARACTER_SET_RESULTS */;
/*!40101 SET @OLD_COLLATION_CONNECTION=@@COLLATION_CONNECTION */;
/*!40101 SET NAMES utf8mb4 */;

--
-- Base de datos: `sistemaeventosformativos`
--

DELIMITER $$
--
-- Procedimientos
--
CREATE DEFINER=`root`@`localhost` PROCEDURE `autoevalRealizada` (IN `idEF` INT, IN `idUsuario` INT)  NO SQL
SELECT COUNT(*) AS autoeval FROM autoevaluacion
    WHERE autoevaluacion.idEF = idEF
    AND autoevaluacion.idUsuario = idUsuario
    AND autoevaluacion.r1 IS NOT NULL
    AND autoevaluacion.r2 IS NOT NULL
    AND autoevaluacion.r3 IS NOT NULL
    AND autoevaluacion.r4 IS NOT NULL
    AND autoevaluacion.r5 IS NOT NULL$$

CREATE DEFINER=`root`@`localhost` PROCEDURE `evaldocRealizada` (IN `idEF` INT, IN `idUsuario` INT)  NO SQL
SELECT COUNT(*) AS evaldoc FROM evaluaciondocente
    WHERE evaluaciondocente.idEF = idEF
    AND evaluaciondocente.idUsuario = idUsuario
    AND evaluaciondocente.r1 IS NOT NULL
    AND evaluaciondocente.r2 IS NOT NULL
    AND evaluaciondocente.r3 IS NOT NULL
    AND evaluaciondocente.r4 IS NOT NULL
    AND evaluaciondocente.r5 IS NOT NULL$$

CREATE DEFINER=`root`@`localhost` PROCEDURE `evalproRealizada` (IN `idEF` INT, IN `idUsuario` INT)  NO SQL
SELECT COUNT(*) AS evalpro FROM evaluacionprograma
    WHERE evaluacionprograma.idEF = idEF
    AND evaluacionprograma.idUsuario = idUsuario
    AND evaluacionprograma.r1 IS NOT NULL
    AND evaluacionprograma.r2 IS NOT NULL
    AND evaluacionprograma.r3 IS NOT NULL
    AND evaluacionprograma.r4 IS NOT NULL
    AND evaluacionprograma.r5 IS NOT NULL$$

CREATE DEFINER=`root`@`localhost` PROCEDURE `listaEFTerminados` (IN `idUsuario` INT)  NO SQL
SELECT * FROM eventoformativo INNER JOIN detalleeventoparticipante ON eventoformativo.idEF = detalleeventoparticipante.idEF WHERE detalleeventoparticipante.idUsuario = idUsuario AND eventoformativo.fechaFinal <= DATE(NOW())$$

CREATE DEFINER=`root`@`localhost` PROCEDURE `listaEFTerminadosInstructores` (IN `idUsuario` INT)  NO SQL
SELECT * FROM eventoformativo INNER JOIN instructor ON eventoformativo.idInstructor = instructor.idInstructor WHERE instructor.idUsuario = idUsuario AND eventoformativo.fechaFinal <= DATE(NOW())$$

CREATE DEFINER=`root`@`localhost` PROCEDURE `participanteAprobado` (IN `idEF` INT, IN `idUsuario` INT)  NO SQL
SELECT aprobado FROM detalleeventoparticipante
WHERE detalleeventoparticipante.idEF = idEF AND detalleeventoparticipante.idUsuario = idUsuario$$

CREATE DEFINER=`root`@`localhost` PROCEDURE `participantesEvaluados` (IN `idEF` INT)  NO SQL
SELECT evalParticipantes FROM eventoformativo WHERE eventoformativo.idEF = idEF$$

CREATE DEFINER=`root`@`localhost` PROCEDURE `selectEF` (IN `idEF` INT)  NO SQL
SELECT eventoformativo.nombreEF, DAY(eventoformativo.fechaInicio) AS diaInicio, MONTH(eventoformativo.fechaInicio) AS mesInicio, DAY(eventoformativo.fechaFinal) AS diaFinal, MONTH(eventoformativo.fechaFinal) AS mesFinal, eventoformativo.duracion FROM eventoformativo WHERE eventoformativo.idEF = idEF$$

DELIMITER ;

-- --------------------------------------------------------

--
-- Estructura de tabla para la tabla `autoevaluacion`
--

CREATE TABLE `autoevaluacion` (
  `idUsuario` int(11) NOT NULL,
  `idEF` int(11) NOT NULL,
  `r1` text,
  `r2` text,
  `r3` text,
  `r4` text,
  `r5` text
) ENGINE=InnoDB DEFAULT CHARSET=latin1;

--
-- Volcado de datos para la tabla `autoevaluacion`
--

INSERT INTO `autoevaluacion` (`idUsuario`, `idEF`, `r1`, `r2`, `r3`, `r4`, `r5`) VALUES
(1, 1, '1', '1', '1', '1', '1'),
(3, 2, '1', '1', '1', '1', '1');

-- --------------------------------------------------------

--
-- Estructura de tabla para la tabla `detalleeventomodulo`
--

CREATE TABLE `detalleeventomodulo` (
  `idEF` int(11) NOT NULL,
  `idModulo` int(11) NOT NULL
) ENGINE=InnoDB DEFAULT CHARSET=latin1;

-- --------------------------------------------------------

--
-- Estructura de tabla para la tabla `detalleeventoparticipante`
--

CREATE TABLE `detalleeventoparticipante` (
  `idEF` int(11) NOT NULL,
  `idUsuario` int(11) NOT NULL,
  `aprobado` tinyint(1) NOT NULL DEFAULT '0',
  `calificacion` int(11) NOT NULL DEFAULT '0'
) ENGINE=InnoDB DEFAULT CHARSET=latin1;

--
-- Volcado de datos para la tabla `detalleeventoparticipante`
--

INSERT INTO `detalleeventoparticipante` (`idEF`, `idUsuario`, `aprobado`, `calificacion`) VALUES
(1, 1, 0, 20),
(2, 1, 0, 5),
(2, 3, 0, 0),
(2, 4, 0, 0);

-- --------------------------------------------------------

--
-- Estructura de tabla para la tabla `evaluaciondocente`
--

CREATE TABLE `evaluaciondocente` (
  `idUsuario` int(11) NOT NULL,
  `idEF` int(11) NOT NULL,
  `r1` text,
  `r2` text,
  `r3` text,
  `r4` text,
  `r5` text
) ENGINE=InnoDB DEFAULT CHARSET=latin1;

--
-- Volcado de datos para la tabla `evaluaciondocente`
--

INSERT INTO `evaluaciondocente` (`idUsuario`, `idEF`, `r1`, `r2`, `r3`, `r4`, `r5`) VALUES
(1, 1, '1', '1', '1', '1', '1'),
(3, 2, '1', '1', '1', '1', '1');

-- --------------------------------------------------------

--
-- Estructura de tabla para la tabla `evaluacionprograma`
--

CREATE TABLE `evaluacionprograma` (
  `idUsuario` int(11) NOT NULL,
  `idEF` int(11) NOT NULL,
  `r1` text,
  `r2` text,
  `r3` text,
  `r4` text,
  `r5` text
) ENGINE=InnoDB DEFAULT CHARSET=latin1;

--
-- Volcado de datos para la tabla `evaluacionprograma`
--

INSERT INTO `evaluacionprograma` (`idUsuario`, `idEF`, `r1`, `r2`, `r3`, `r4`, `r5`) VALUES
(1, 1, '1', '1', '1', '1', '1'),
(3, 2, '1', '1', '1', '1', '1');

-- --------------------------------------------------------

--
-- Estructura de tabla para la tabla `eventoformativo`
--

CREATE TABLE `eventoformativo` (
  `idEF` int(11) NOT NULL,
  `nombreEF` varchar(80) NOT NULL,
  `descripcion` text,
  `fechaInicio` date NOT NULL,
  `fechaFinal` date NOT NULL,
  `modalidad` varchar(10) NOT NULL,
  `idTipo` int(11) NOT NULL,
  `idInstructor` int(11) NOT NULL,
  `idInstancia` int(11) NOT NULL,
  `diseñoInstruccional` text,
  `utilidadOportunidad` text,
  `requisitosParticipacion` text,
  `requisitosAcreditacion` text,
  `condicionesOperativas` text,
  `cuota` decimal(4,1) NOT NULL DEFAULT '0.0',
  `duracion` int(11) DEFAULT NULL,
  `evalParticipantes` tinyint(1) NOT NULL DEFAULT '0'
) ENGINE=InnoDB DEFAULT CHARSET=latin1;

--
-- Volcado de datos para la tabla `eventoformativo`
--

INSERT INTO `eventoformativo` (`idEF`, `nombreEF`, `descripcion`, `fechaInicio`, `fechaFinal`, `modalidad`, `idTipo`, `idInstructor`, `idInstancia`, `diseñoInstruccional`, `utilidadOportunidad`, `requisitosParticipacion`, `requisitosAcreditacion`, `condicionesOperativas`, `cuota`, `duracion`, `evalParticipantes`) VALUES
(1, 'la wea', 'asd', '2020-12-01', '2020-12-08', 'precencial', 2, 1, 4, '123', '12312', '123', '123', '123', '0.0', 300, 0),
(2, 'fome weon', '123', '2020-12-02', '2020-12-10', 'precencial', 2, 3, 4, '123', '123', '123', '123', '123', '0.0', 300, 0),
(12, 'fgdgdgdgsdg', 'fdgffggggggggggggggggggggggggggggggggggggggggggggggggggg', '2020-12-03', '2020-12-03', 'presencial', 2, 2, 4, 'bfgb', NULL, 'bfg', 'bfg', 'gbf', '0.0', 120, 0),
(13, 'fgdgdgdgsdg32', 'dsfdfsdfdfdfdsfdsfdsfdsfdsfdsfdsfdsfsdf', '2020-12-11', '2020-12-30', 'online', 2, 2, 4, 'm', 'mn', 'fg', 'fg', 'fg', '120.0', 0, 0);

-- --------------------------------------------------------

--
-- Estructura de tabla para la tabla `instructor`
--

CREATE TABLE `instructor` (
  `idInstructor` int(11) NOT NULL,
  `idUsuario` int(11) NOT NULL,
  `calidadProfesional` text,
  `calidadAcademica` text,
  `curriculumSintetico` text,
  `experiencia` text
) ENGINE=InnoDB DEFAULT CHARSET=latin1;

--
-- Volcado de datos para la tabla `instructor`
--

INSERT INTO `instructor` (`idInstructor`, `idUsuario`, `calidadProfesional`, `calidadAcademica`, `curriculumSintetico`, `experiencia`) VALUES
(1, 3, '123', '213', '123', '123'),
(2, 4, 'gfhfhfhf', 'fghfg', 'ghfgh', 'fghfgh'),
(3, 5, '123', '123', '123', '123');

-- --------------------------------------------------------

--
-- Estructura de tabla para la tabla `modulo`
--

CREATE TABLE `modulo` (
  `idModulo` int(11) NOT NULL,
  `idEF` int(11) NOT NULL,
  `nombreModulo` varchar(60) NOT NULL,
  `contenidoModulo` text,
  `duracionModulo` int(11) NOT NULL
) ENGINE=InnoDB DEFAULT CHARSET=latin1;

--
-- Volcado de datos para la tabla `modulo`
--

INSERT INTO `modulo` (`idModulo`, `idEF`, `nombreModulo`, `contenidoModulo`, `duracionModulo`) VALUES
(10, 12, 'fd', 'fdg', 19),
(11, 12, 'fd', 'fg', 12),
(12, 12, 'fgd', 'd', 1),
(13, 12, 'fgdmn', 'mnbm', 10),
(14, 12, 'fgdfg', 'n', 12),
(17, 12, 'fgddfd', '12', 1),
(18, 12, 'pore', 'sd', 10),
(19, 13, 'dfg', 'fdg', 10);

-- --------------------------------------------------------

--
-- Estructura de tabla para la tabla `tipoevento`
--

CREATE TABLE `tipoevento` (
  `idTipo` int(11) NOT NULL,
  `nombreTipo` varchar(20) NOT NULL,
  `minModulos` tinyint(4) NOT NULL DEFAULT '1',
  `minHoras` tinyint(4) NOT NULL
) ENGINE=InnoDB DEFAULT CHARSET=latin1;

--
-- Volcado de datos para la tabla `tipoevento`
--

INSERT INTO `tipoevento` (`idTipo`, `nombreTipo`, `minModulos`, `minHoras`) VALUES
(1, 'Curso', 1, 20),
(2, 'Taller', 1, 10),
(3, 'Programa Especial', 1, 20),
(4, 'Diplomado', 2, 120);

-- --------------------------------------------------------

--
-- Estructura de tabla para la tabla `usuario`
--

CREATE TABLE `usuario` (
  `idUsuario` int(11) NOT NULL,
  `nombreUsuario` varchar(50) NOT NULL,
  `apellidoUsuario` varchar(50) DEFAULT NULL,
  `correo` varchar(50) NOT NULL,
  `password` varchar(40) NOT NULL,
  `esInstancia` tinyint(1) NOT NULL DEFAULT '0',
  `esInstructor` tinyint(1) NOT NULL DEFAULT '0',
  `esAdmin` tinyint(1) NOT NULL DEFAULT '0'
) ENGINE=InnoDB DEFAULT CHARSET=latin1;

--
-- Volcado de datos para la tabla `usuario`
--

INSERT INTO `usuario` (`idUsuario`, `nombreUsuario`, `apellidoUsuario`, `correo`, `password`, `esInstancia`, `esInstructor`, `esAdmin`) VALUES
(1, 'jaime', 'mausan', 'mausan@gmail.com', '123', 0, 0, 0),
(2, 'moises', 'jebus', 'dios@dios.com', '123', 0, 0, 0),
(3, 'maistro', 'longaniza', 'gg@izi.com', '123', 0, 1, 0),
(4, 'jesuis', 'carmona', 'jesus@jesus.com', '123', 1, 1, 1),
(5, 'profe', 'jirafales', 'mamon@shi.com', '123', 0, 1, 0);

--
-- Índices para tablas volcadas
--

--
-- Indices de la tabla `autoevaluacion`
--
ALTER TABLE `autoevaluacion`
  ADD PRIMARY KEY (`idUsuario`,`idEF`),
  ADD KEY `idEF` (`idEF`);

--
-- Indices de la tabla `detalleeventomodulo`
--
ALTER TABLE `detalleeventomodulo`
  ADD PRIMARY KEY (`idEF`,`idModulo`),
  ADD KEY `idModulo` (`idModulo`);

--
-- Indices de la tabla `detalleeventoparticipante`
--
ALTER TABLE `detalleeventoparticipante`
  ADD PRIMARY KEY (`idEF`,`idUsuario`),
  ADD KEY `idUsuario` (`idUsuario`);

--
-- Indices de la tabla `evaluaciondocente`
--
ALTER TABLE `evaluaciondocente`
  ADD PRIMARY KEY (`idUsuario`,`idEF`),
  ADD KEY `idEF` (`idEF`);

--
-- Indices de la tabla `evaluacionprograma`
--
ALTER TABLE `evaluacionprograma`
  ADD PRIMARY KEY (`idUsuario`,`idEF`),
  ADD KEY `idEF` (`idEF`);

--
-- Indices de la tabla `eventoformativo`
--
ALTER TABLE `eventoformativo`
  ADD PRIMARY KEY (`idEF`),
  ADD UNIQUE KEY `nombreEF` (`nombreEF`,`fechaInicio`),
  ADD KEY `FK_Tipo` (`idTipo`),
  ADD KEY `FK_Inst` (`idInstructor`),
  ADD KEY `FK_Instancia` (`idInstancia`);

--
-- Indices de la tabla `instructor`
--
ALTER TABLE `instructor`
  ADD PRIMARY KEY (`idInstructor`),
  ADD KEY `idUsuario` (`idUsuario`);

--
-- Indices de la tabla `modulo`
--
ALTER TABLE `modulo`
  ADD PRIMARY KEY (`idModulo`);

--
-- Indices de la tabla `tipoevento`
--
ALTER TABLE `tipoevento`
  ADD PRIMARY KEY (`idTipo`);

--
-- Indices de la tabla `usuario`
--
ALTER TABLE `usuario`
  ADD PRIMARY KEY (`idUsuario`);

--
-- AUTO_INCREMENT de las tablas volcadas
--

--
-- AUTO_INCREMENT de la tabla `eventoformativo`
--
ALTER TABLE `eventoformativo`
  MODIFY `idEF` int(11) NOT NULL AUTO_INCREMENT, AUTO_INCREMENT=14;

--
-- AUTO_INCREMENT de la tabla `instructor`
--
ALTER TABLE `instructor`
  MODIFY `idInstructor` int(11) NOT NULL AUTO_INCREMENT, AUTO_INCREMENT=7;

--
-- AUTO_INCREMENT de la tabla `modulo`
--
ALTER TABLE `modulo`
  MODIFY `idModulo` int(11) NOT NULL AUTO_INCREMENT, AUTO_INCREMENT=20;

--
-- AUTO_INCREMENT de la tabla `tipoevento`
--
ALTER TABLE `tipoevento`
  MODIFY `idTipo` int(11) NOT NULL AUTO_INCREMENT, AUTO_INCREMENT=5;

--
-- AUTO_INCREMENT de la tabla `usuario`
--
ALTER TABLE `usuario`
  MODIFY `idUsuario` int(11) NOT NULL AUTO_INCREMENT, AUTO_INCREMENT=11;

--
-- Restricciones para tablas volcadas
--

--
-- Filtros para la tabla `autoevaluacion`
--
ALTER TABLE `autoevaluacion`
  ADD CONSTRAINT `autoevaluacion_ibfk_1` FOREIGN KEY (`idUsuario`) REFERENCES `usuario` (`idUsuario`),
  ADD CONSTRAINT `autoevaluacion_ibfk_2` FOREIGN KEY (`idEF`) REFERENCES `eventoformativo` (`idEF`);

--
-- Filtros para la tabla `detalleeventomodulo`
--
ALTER TABLE `detalleeventomodulo`
  ADD CONSTRAINT `detalleeventomodulo_ibfk_1` FOREIGN KEY (`idEF`) REFERENCES `eventoformativo` (`idEF`),
  ADD CONSTRAINT `detalleeventomodulo_ibfk_2` FOREIGN KEY (`idModulo`) REFERENCES `modulo` (`idModulo`);

--
-- Filtros para la tabla `detalleeventoparticipante`
--
ALTER TABLE `detalleeventoparticipante`
  ADD CONSTRAINT `detalleeventoparticipante_ibfk_1` FOREIGN KEY (`idEF`) REFERENCES `eventoformativo` (`idEF`),
  ADD CONSTRAINT `detalleeventoparticipante_ibfk_2` FOREIGN KEY (`idUsuario`) REFERENCES `usuario` (`idUsuario`);

--
-- Filtros para la tabla `evaluaciondocente`
--
ALTER TABLE `evaluaciondocente`
  ADD CONSTRAINT `evaluaciondocente_ibfk_1` FOREIGN KEY (`idUsuario`) REFERENCES `usuario` (`idUsuario`),
  ADD CONSTRAINT `evaluaciondocente_ibfk_2` FOREIGN KEY (`idEF`) REFERENCES `eventoformativo` (`idEF`);

--
-- Filtros para la tabla `evaluacionprograma`
--
ALTER TABLE `evaluacionprograma`
  ADD CONSTRAINT `evaluacionprograma_ibfk_1` FOREIGN KEY (`idUsuario`) REFERENCES `usuario` (`idUsuario`),
  ADD CONSTRAINT `evaluacionprograma_ibfk_2` FOREIGN KEY (`idEF`) REFERENCES `eventoformativo` (`idEF`);
COMMIT;

/*!40101 SET CHARACTER_SET_CLIENT=@OLD_CHARACTER_SET_CLIENT */;
/*!40101 SET CHARACTER_SET_RESULTS=@OLD_CHARACTER_SET_RESULTS */;
/*!40101 SET COLLATION_CONNECTION=@OLD_COLLATION_CONNECTION */;
